,words,count
15,the,486
32,a,292
70,of,259
87,is,158
37,to,137
46,and,136
12,in,116
107,b,107
108,c,98
96,d,94
100,which,82
0,1,70
16,following,68
97,for,66
4,it,64
560,system,60
10,be,50
388,data,49
163,that,47
206,can,45
453,by,45
86,as,41
23,are,40
39,an,37
203,0,36
165,when,34
67,on,34
216,from,32
136,or,30
53,2,29
124,used,29
957,database,28
91,3,24
61,not,22
225,4,22
153,company,21
73,number,21
79,each,21
98,shown,20
94,one,20
304,at,19
286,e,19
78,appropriate,19
174,here,19
198,sum,18
611,server,18
588,this,16
415,process,16
59,below,15
534,control,15
253,operation,14
25,time,14
465,memory,13
155,product,13
213,th,13
472,address,13
1370,activity,13
197,logical,13
683,transaction,13
815,cost,12
756,its,12
169,n,12
692,access,12
775,software,12
56,information,12
137,exclusive,11
235,how,11
460,such,11
131,table,11
182,no,11
130,applied,11
227,value,11
585,only,11
524,processing,10
266,two,10
14,with,10
338,operations,10
22,all,10
239,6,10
42,your,9
299,5,9
148,output,9
162,s,9
544,cpu,9
381,other,9
448,8,9
961,another,9
93,select,9
578,required,9
456,io,9
234,binary,9
490,uses,9
643,ni,8
1279,test,8
471,nd,8
1136,connection,8
988,lock,8
753,method,8
441,multiple,8
214,year,8
781,work,8
34,if,8
653,using,8
758,function,8
370,have,8
236,many,8
95,through,8
772,case,8
129,gate,8
528,execution,8
199,x,8
1506,new,8
591,systems,7
559,performance,7
208,ed,7
1005,maintenance,7
634,model,7
324,list,7
298,9,7
1143,program,7
249,y,7
620,client,7
279,three,7
1345,bugs,7
183,10,7
1181,activities,7
1359,project,7
557,network,7
779,de,7
504,record,7
773,tools,7
1467,fiscal,7
375,level,7
710,page,7
502,light,7
1589,entry,7
748,programs,7
550,disk,7
694,transactions,6
181,there,6
856,diagram,6
757,key,6
764,records,6
1681,market,6
369,cannot,6
548,between,6
17,question,6
38,change,6
582,capability,6
659,four,6
44,answer,6
1357,improvement,6
54,mark,6
776,development,6
349,pointer,6
357,node,6
150,shows,6
9,must,6
1527,business,6
353,concerning,6
6,examination,6
886,into,6
923,country,6
1444,staff,6
517,devices,5
720,during,5
704,25,5
587,figure,5
1277,purpose,5
747,application,5
1218,inventory,5
755,storing,5
731,management,5
500,ng,5
452,interrupt,5
1192,path,5
355,tree,5
922,continent,5
348,head,5
398,order,5
332,effective,5
1029,ip,5
330,most,5
403,7,5
309,what,5
885,found,5
873,option,5
640,repair,5
562,users,5
1129,far,5
1131,decreases,5
1132,increases,5
424,conditions,5
651,programming,5
652,environment,5
824,bulb,5
1184,ids,5
829,signal,5
1125,frr,5
74,space,5
186,20,5
187,22,5
1464,format,5
134,explanation,5
1700,character,5
8,questions,5
172,represents,5
30,instructions,5
119,so,5
1641,step,5
1338,coverage,5
80,digit,5
1798,right,5
1499,confirm,5
83,numbers,5
891,design,4
1390,g,4
1605,technique,4
1397,plan,4
477,independent,4
752,hash,4
474,stored,4
478,those,4
726,appropriately,4
63,do,4
715,make,4
1656,improved,4
495,storage,4
707,virtual,4
50,any,4
1399,critical,4
820,sensors,4
812,speed,4
909,condition,4
363,has,4
987,shared,4
141,state,4
1443,administrator,4
1007,entire,4
379,called,4
1437,planned,4
1012,re,4
382,nodes,4
905,providing,4
438,single,4
1032,host,4
325,queue,4
391,first,4
1035,according,4
870,options,4
1096,filtering,4
109,may,4
821,s1,4
513,technology,4
686,cache,4
742,does,4
966,changes,4
677,unit,4
220,part,4
19,q1,4
555,computers,4
1301,existing,4
1280,verify,4
574,co,4
185,18,4
179,indicates,4
192,values,4
1259,under,4
532,them,4
241,16,4
1814,exclusively,4
43,previous,4
211,example,4
604,communication,4
248,w,4
250,z,4
593,line,4
1332,items,4
252,tion,4
948,basic,3
573,some,3
571,failure,3
569,computer,3
903,progress,3
963,results,3
965,once,3
602,switch,3
395,algorithm,3
893,improve,3
887,text,3
879,among,3
878,item,3
112,correct,3
638,ti,3
1465,issued,3
128,logic,3
911,keys,3
368,root,3
1,april,3
1483,characters,3
618,printer,3
377,,3
619,based,3
378,children,3
1817,utilize,3
1478,reused,3
576,over,3
1466,id,3
639,ri,3
380,leaf,3
122,symbols,3
621,availability,3
121,about,3
414,should,3
685,available,3
416,box,3
1649,evaluation,3
671,completed,3
65,nor,3
970,because,3
529,stage,3
732,controls,3
526,partially,3
520,main,3
494,layer,3
519,dedicated,3
709,lru,3
708,fifo,3
681,15,3
55,examinee,3
1703,strategy,3
506,r,3
702,performed,3
696,per,3
1726,companies,3
1706,demand,3
66,write,3
469,chip,3
863,negative,3
666,estimated,3
860,elements,3
558,high,3
426,name,3
684,target,3
826,hallway,3
432,i,3
823,s3,3
822,s2,3
644,1nri,3
645,1nti,3
443,parallel,3
648,certain,3
101,month,3
99,sample,3
1755,quantity,3
538,device,3
1628,30,3
76,ma,3
75,provided,3
827,sensor,3
196,stands,3
360,32,3
285,wins,3
260,also,3
1206,transition,3
1375,weekly,3
274,33,3
1163,functions,3
1377,delay,3
1156,st,3
1149,provide,3
160,respective,3
1055,255,3
292,ar,3
596,standby,3
1124,een,3
301,cards,3
303,selected,3
1122,relationship,3
1119,changed,3
1102,mail,3
173,26,3
1222,end,3
1226,resources,3
175,written,3
195,x3,3
194,x2,3
207,us,3
193,x1,3
1325,achieve,3
191,combination,3
1323,but,3
1311,errors,3
1290,long,3
1285,actual,3
230,11,3
1268,object,3
1349,testing,3
1260,specified,3
1350,embedded,3
1240,defined,3
176,radix,3
1089,security,3
1167,attack,3
594,active,3
356,whose,3
139,buffer,3
996,describes,3
986,scription,3
1428,clarify,3
336,insert,3
329,provides,3
1238,quality,2
673,os,2
1006,costs,2
1251,functional,2
672,overhead,2
1254,softwa,2
1255,understood,2
669,respectively,2
1734,controlli,2
1736,equipment,2
667,then,2
1001,site,2
664,millisecond,2
929,america,2
663,every,2
662,sequentially,2
660,processes,2
1748,arrow,2
655,shortest,2
674,ignored,2
679,file,2
1237,six,2
1213,accounting,2
1201,after,2
1203,ing,2
1205,suitable,2
703,mmunication,2
1424,schedule,2
1207,greenhouse,2
1210,installed,2
1211,water,2
1028,assign,2
998,distributed,2
1019,local,2
1015,more,2
1708,shares,2
682,ms,2
1228,operational,2
1010,adding,2
1236,efficiency,2
680,takes,2
1749,days,2
1763,ordering,2
1757,eoq,2
1337,decision,2
1459,27,2
1324,easily,2
983,procedure,2
1327,optimi,2
1461,membership,2
981,commitment,2
616,lan,2
1819,industrial,2
614,printers,2
1328,zation,2
1836,contain,2
1330,define,2
1841,separate,2
1850,numeric,2
603,peripherals,2
977,preparing,2
1851,feeds,2
601,configuration,2
1335,flow,2
625,least,2
627,operating,2
1688,acquiring,2
631,c2,2
1266,class,2
650,multi,2
1764,holding,2
997,characteristic,2
646,1n,2
939,group,2
1339,branch,2
1281,assess,2
1768,annual,2
1782,visit,2
943,atomicity,2
1789,35,2
1790,40,2
1791,50,2
1286,procedures,2
1289,manner,2
637,mttr,2
636,mtbf,2
1291,period,2
705,28,2
1538,volume,2
884,enter,2
818,layout,2
1113,prevention,2
1546,opera,2
889,human,2
890,interface,2
1402,requires,2
1502,pr,2
1123,betw,2
819,low,2
1336,chart,2
1551,updated,2
828,generates,2
1556,deleted,2
1039,sip,2
1401,means,2
787,lower,2
786,component,2
784,integrated,2
1558,again,2
1036,mac,2
1126,false,2
1112,falsification,2
1544,necessary,2
1371,weeks,2
1539,reason,2
883,l,2
880,set,2
1536,areas,2
1061,31,2
1066,206,2
871,specify,2
1081,ns,2
865,usage,2
1517,problems,2
1040,snmp,2
1411,structure,2
1103,sender,2
1108,delivery,2
859,carry,2
1540,reorganized,2
839,movement,2
835,generate,2
833,detected,2
1109,detection,2
830,sunlight,2
778,cycle,2
777,life,2
1565,preparation,2
727,desc,2
1033,asks,2
971,subsequent,2
738,various,2
737,methods,2
736,effectively,2
733,operates,2
1173,web,2
1655,saving,2
729,role,2
1178,fa,2
1571,audit,2
1180,sequence,2
1420,full,2
714,real,2
713,frames,2
711,replacement,2
1372,complete,2
1189,unauthorized,2
1663,document,2
1191,impact,2
1034,repeatedly,2
1157,art,2
900,shape,2
1154,setting,2
1572,evaluate,2
1585,detective,2
1128,rate,2
894,consistency,2
1606,analysis,2
771,groups,2
1388,f,2
1135,pair,2
763,addresses,2
1633,blank,2
1386,250,2
1138,preventing,2
895,designing,2
1635,inserted,2
1384,900,2
897,common,2
1414,top,2
1646,scoring,2
1153,side,2
1200,while,2
931,asia,2
367,placed,2
400,find,2
280,marks,2
40,swer,2
36,need,2
178,subscript,2
180,addition,2
35,you,2
82,birth,2
405,48,2
31,use,2
497,makes,2
29,minutes,2
28,150,2
276,player,2
335,both,2
275,grid,2
328,structures,2
508,dvd,2
273,spaces,2
205,expressions,2
392,out,2
212,january,2
270,take,2
341,variable,2
269,who,2
268,o,2
523,whole,2
265,game,2
20,q80,2
345,t,2
533,where,2
331,efficient,2
482,considered,2
385,including,2
450,classified,2
146,either,2
60,will,2
437,architecture,2
147,input,2
149,terminal,2
433,1xi,2
431,ixi,2
64,properly,2
425,indicate,2
312,same,2
152,negation,2
154,names,2
142,note,2
68,sheet,2
307,52,2
481,bit,2
454,divide,2
69,outside,2
458,power,2
459,failures,2
157,trademarks,2
158,registered,2
159,their,2
297,29,2
466,parity,2
164,within,2
470,lines,2
170,44,2
81,date,2
413,calculated,2
217,12,2
505,cd,2
106,march,2
5,engineer,2
366,matter,2
13,accordance,2
384,non,2
243,simultaneous,2
11,answered,2
2,2010,2
352,description,2
358,17,2
556,via,2
221,resulting,2
547,ta,2
92,answers,2
354,search,2
254,xy,2
580,res,2
364,maximum,2
564,they,2
115,exam,2
362,these,2
565,without,2
549,hard,2
566,being,2
223,31n,2
592,performs,2
540,directly,2
259,toe,2
258,tac,2
238,included,2
359,19,2
113,follows,2
111,since,2
228,expression,2
257,tic,2
350,tail,2
590,consists,2
224,3n,2
240,13,2
1451,identifying,1
1454,tracking,1
138,xor,1
1524,gement,1
1458,administrato,1
1452,contro,1
1528,collection,1
1447,ons,1
1449,responsible,1
1457,components,1
1455,ve,1
1526,unrelated,1
1450,mechanisms,1
1448,primarily,1
1453,lling,1
1456,rsions,1
1525,confirming,1
117,until,1
1446,pers,1
143,small,1
1427,gantt,1
144,circle,1
1429,paths,1
1430,points,1
1431,dela,1
1432,clearly,1
1433,show,1
1434,orde,1
1534,updates,1
1435,relation,1
1436,compare,1
1438,q61,1
1445,organizations,1
1533,additions,1
1532,reorganizing,1
1439,roles,1
1440,admi,1
1441,nistrator,1
1442,configura,1
135,nand,1
1531,periodically,1
140,tri,1
1530,q65,1
1529,remote,1
1460,q62,1
1470,continues,1
1462,registration,1
1512,fies,1
1487,2009,1
1425,nsideration,1
1515,om,1
1488,accumulated,1
1489,317000383000447000,1
1490,512000,1
1514,fr,1
1491,2011,1
1492,2012,1
1493,2013,1
1494,q63,1
1495,primary,1
1513,switching,1
1511,satis,1
1523,mana,1
1510,current,1
1496,ive,1
1497,conducting,1
1498,migration,1
120,inquiries,1
1500,comp,1
1501,atibility,1
118,instructed,1
1503,ograms,1
1509,copy,1
1508,sufficient,1
1504,newly,1
1505,developed,1
1486,2008,1
1485,2007,1
1516,well,1
1484,2006,1
1522,q64,1
1463,issues,1
133,symbol,1
132,graphic,1
127,noted,1
126,otherwise,1
1468,assumption,1
1469,tendency,1
1507,provi,1
1471,years,1
1472,come,1
1521,viewpoints,1
1520,itching,1
1473,xpected,1
1474,exhausted,1
1475,withdrawn,1
1476,treated,1
1519,sw,1
1518,accompanied,1
1477,missing,1
116,booklet,1
125,unless,1
1479,xxnnn,1
1480,az059,1
1481,uppercase,1
1482,alphabets,1
123,commonly,1
1426,q60,1
595,prepares,1
145,bubble,1
1312,programmers,1
1318,creation,1
1317,promote,1
1316,rd,1
1315,standa,1
1314,clarifying,1
1313,tend,1
1310,conventions,1
1320,limit,1
1309,defining,1
1308,standardization,1
1307,q53,1
1306,24,1
1305,impacted,1
1304,adversely,1
1319,original,1
1321,individual,1
1302,capabilities,1
202,ba,1
189,q2,1
190,truth,1
200,bc,1
201,dc,1
1334,q54,1
1333,languages,1
1331,rules,1
1322,style,1
204,q3,1
1329,compiler,1
209,calculate,1
1326,effect,1
210,quarter,1
215,ranges,1
1303,been,1
218,december,1
1340,add,1
1271,engine,1
231,162,1
1276,opriate,1
1275,appr,1
1274,q52,1
1273,triangle,1
1272,employee,1
1270,car,1
229,13163,1
1269,orientation,1
232,916,1
1267,subclass,1
233,represented,1
1265,base,1
1264,q51,1
1278,regression,1
226,q4,1
1300,ensure,1
1293,adjustment,1
1299,baseline,1
1298,against,1
1297,stem,1
1296,sy,1
1295,upgraded,1
1294,functionality,1
1292,unscheduled,1
1282,acceptability,1
219,fractional,1
222,truncated,1
1288,able,1
1287,environments,1
1284,workloads,1
1283,varying,1
188,38,1
1341,enclosed,1
1423,focus,1
1535,letions,1
1400,obtained,1
1398,prepared,1
156,appearing,1
1396,q58,1
1395,800,1
1394,750,1
1392,600,1
1403,greatest,1
1391,1800,1
1389,350,1
1387,4200,1
1385,400,1
161,companie,1
1383,unchanged,1
151,inversion,1
1404,atten,1
1381,remains,1
1415,down,1
1422,early,1
1421,weight,1
1419,place,1
1418,estimate,1
1417,facilitating,1
1416,thereby,1
1413,tasks,1
1405,securing,1
1412,sm,1
1410,breakdown,1
1409,wbs,1
1408,scribes,1
1407,q59,1
1406,leads,1
1382,stable,1
1380,dollars,1
1342,parentheses,1
1352,hidden,1
1358,maturity,1
177,notation,1
1356,guide,1
1355,q56,1
1354,proportional,1
1353,te,1
1351,still,1
1360,division,1
1348,captured,1
1347,embedding,1
1346,bug,1
184,implied,1
1344,remaining,1
1343,q55,1
171,holds,1
1361,organization,1
1379,ghest,1
168,n34,1
1378,hi,1
1376,minimized,1
166,equation,1
1374,starting,1
1373,prior,1
167,100,1
1369,ies,1
1362,cmmi,1
1368,activit,1
1367,series,1
1366,q57,1
1365,slcp,1
1364,sla,1
1363,mbnqa,1
1393,700,1
1563,auditor,1
114,open,1
1747,q76,1
33,pencil,1
1756,economic,1
1754,fixed,1
1753,q77,1
1752,beside,1
1751,j,1
1750,needed,1
1746,edi,1
1699,q73,1
1745,mall,1
1744,cals,1
1743,commerce,1
1742,electronic,1
1741,q75,1
1740,bank,1
1739,atm,1
1758,optimal,1
1759,theo,1
1760,retically,1
1761,minimizes,1
1779,sales,1
1778,q78,1
1777,2j3i,1
1776,h,1
1775,2c,1
1774,d3e,1
1773,2000,1
1772,1000,1
1771,500,1
1770,units,1
1769,10000,1
1767,vary,1
1766,tant,1
1765,cons,1
1762,total,1
1738,medical,1
1737,controlling,1
41,erase,1
1717,reducing,1
1715,standing,1
1714,improving,1
1713,aiming,1
1712,differentiation,1
1711,deploying,1
1710,size,1
1709,expanding,1
48,wipe,1
1707,maintaining,1
49,away,1
1705,competitive,1
1704,context,1
51,eraser,1
1702,niche,1
1701,istics,1
1716,seizing,1
1718,incurred,1
1735,audiovideo,1
1719,observing,1
45,completely,1
1733,reservations,1
1732,ticket,1
1731,train,1
1730,managing,1
1729,q74,1
1728,profitability,1
1727,higher,1
47,neatly,1
1725,segment,1
1724,specializing,1
1723,imitating,1
1722,promptly,1
1721,behavior,1
1720,leaders,1
1780,wants,1
1781,depart,1
27,1200,1
1842,images,1
1839,formulas,1
1838,ic,1
1837,numer,1
7,morning,1
1835,csv,1
1834,craft,1
1833,pattern,1
1832,color,1
1831,innovation,1
1830,ornamental,1
1829,products,1
1828,own,1
1827,distinguish,1
1826,ables,1
1825,en,1
1840,tabs,1
1843,java,1
1823,authority,1
1844,applets,1
1860,enclos,1
1859,comma,1
1858,separates,1
1857,delimit,1
1856,lons,1
1855,semico,1
1854,colons,1
1853,aces,1
1852,sp,1
3,fundamental,1
1849,acter,1
1848,char,1
1847,tag,1
1846,command,1
1845,etc,1
1824,indication,1
1822,competent,1
1783,customer,1
1801,trade,1
1799,wtos,1
1797,patent,1
1796,explai,1
1795,q79,1
1794,140,1
1793,110,1
1792,95,1
21,selection,1
24,compulsory,1
26,930,1
1788,tofrom,1
1787,minute,1
1786,nother,1
1785,move,1
1784,return,1
1800,agreement,1
1802,related,1
1821,upon,1
1803,aspects,1
1820,granted,1
1818,invention,1
1816,benefits,1
1815,receive,1
18,nos,1
1813,musical,1
1812,artistic,1
1811,scientific,1
1810,ry,1
1809,litera,1
1808,author,1
1807,trips,1
1806,rights,1
1805,property,1
1804,intellectual,1
52,debris,1
1698,nce,1
1537,erefore,1
1588,discovering,1
1595,granting,1
1594,limiting,1
1593,tional,1
1592,unlikel,1
1591,scr,1
1590,actions,1
85,tly,1
1587,category,1
1697,influe,1
1586,falls,1
88,printed,1
1584,preventive,1
1583,categories,1
1582,q67,1
1581,release,1
1580,approve,1
1596,permission,1
1597,matching,1
1598,sheets,1
1599,manual,1
1615,esent,1
1614,repr,1
1613,abstract,1
1612,oriented,1
1611,assisting,1
1610,zes,1
1609,standardi,1
1608,unifies,1
1607,diagrams,1
84,exac,1
1604,enterprise,1
1603,ea,1
1602,explana,1
1601,q68,1
1600,training,1
1579,processe,1
1578,comprehensive,1
1577,defects,1
1557,register,1
1555,combined,1
1554,sing,1
1553,proces,1
1552,thus,1
104,mental,1
1550,rds,1
1549,reco,1
1548,created,1
1547,tions,1
105,conducted,1
1545,definitions,1
1543,become,1
1542,degradation,1
1541,prevent,1
110,june,1
103,funda,1
102,spring,1
1576,instruct,1
1559,inconvenient,1
1575,paper,1
1574,working,1
1573,issue,1
89,admission,1
90,card,1
1570,standpoint,1
1569,professional,1
1568,advice,1
1567,give,1
1566,regarding,1
1564,assure,1
1262,amount,1
1562,q66,1
1561,ganized,1
1560,reor,1
1616,companys,1
1617,sourcesink,1
1618,clearl,1
1679,responsibility,1
1677,economy,1
1676,scale,1
1675,specialization,1
1674,experience,1
1673,knowledge,1
1672,accumulate,1
1671,advantage,1
1670,q72,1
1669,rfq,1
1668,rfp,1
1667,rfi,1
1666,ifb,1
1665,proposals,1
1664,ks,1
1662,q71,1
1678,ofit,1
1680,dividi,1
1660,36,1
58,ers,1
1696,minimize,1
1695,autonomy,1
1694,sense,1
1693,energy,1
1692,psychological,1
1691,exert,1
1690,know,1
1689,skills,1
57,answ,1
1687,tim,1
1686,short,1
1685,establish,1
1684,supporting,1
1683,self,1
1682,dopting,1
1661,43,1
1659,almost,1
1619,representing,1
1637,aconfirm,1
72,places,1
1634,boxes,1
77,rk,1
1632,steps,1
1631,iness,1
1630,bus,1
1629,q69,1
1627,architecturesbusiness,1
1626,overall,1
1625,perspective,1
1624,review,1
1623,relationships,1
1622,entities,1
1621,mode,1
1620,conceptual,1
1636,objectives,1
1638,implementation,1
1658,score,1
1639,effects,1
1657,integration12,1
62,graded,1
1654,labor,1
1653,weightdescription,1
1652,percentage,1
1651,achievement,1
1650,goal,1
1648,qualitative,1
1647,quantifyi,1
1645,q70,1
1644,understand,1
1643,goals,1
1642,develop,1
71,prescribed,1
1640,bcdstep,1
1263,stated,1
1229,status,1
1261,relative,1
428,vale,1
430,final,1
825,middle,1
434,q14,1
435,proce,1
436,ssor,1
439,stream,1
817,floor,1
816,q30,1
440,operate,1
814,nufacturing,1
813,fast,1
442,pieces,1
811,acces,1
810,although,1
809,flops,1
429,increment,1
427,initial,1
807,often,1
831,external,1
846,gic,1
845,lo,1
844,given,1
843,turned,1
842,circuits,1
841,range,1
840,thermal,1
421,start,1
838,detects,1
837,tput,1
836,ou,1
422,loop,1
834,infrared,1
423,repetition,1
832,source,1
808,flip,1
806,charged,1
237,bits,1
444,mimd,1
785,consolidated,1
446,simd,1
783,ratively,1
782,coope,1
447,sisd,1
780,signed,1
449,q15,1
451,internal,1
455,zero,1
774,particular,1
457,completion,1
770,q28,1
769,14,1
768,lue,1
767,va,1
445,misd,1
788,upper,1
805,trically,1
789,q29,1
804,elec,1
803,capacitor,1
802,her,1
801,whet,1
800,depending,1
799,represent,1
798,microprograms,1
797,manufactured,1
796,irradiation,1
795,ultraviolet,1
794,erased,1
793,ent,1
792,equipm,1
791,dram,1
790,ppropriate,1
847,circuit,1
848,streams,1
849,windows,1
908,restore,1
906,undo,1
387,q11,1
904,stat,1
389,referred,1
902,displaying,1
901,screens,1
390,last,1
899,location,1
898,display,1
896,buttons,1
393,stack,1
394,q12,1
396,sort,1
892,intended,1
397,ascending,1
907,cancel,1
386,n1,1
850,affect,1
910,shortcut,1
927,canada,1
926,returned,1
925,duplicates,1
924,eliminate,1
383,except,1
921,column,1
920,extract,1
919,algebra,1
918,relational,1
917,projection,1
916,esponds,1
915,corr,1
914,statements,1
913,sql,1
912,q34,1
399,comparisons,1
888,q33,1
401,fact,1
402,104,1
866,radio,1
864,q32,1
417,flowchart,1
862,ab,1
861,xyz,1
418,operationi,1
419,ninputn,1
858,produces,1
857,adds,1
420,istartoutputsumaoperationendat,1
855,adder,1
854,half,1
853,q31,1
852,s1s3s2,1
851,bulbs1s2s3bulbs3s2s1bulbs1s2s3bulb,1
867,button,1
868,gui,1
869,several,1
409,105,1
404,46,1
406,99,1
882,severa,1
881,mutually,1
407,101,1
408,102,1
877,specific,1
412,nx1,1
876,displayed,1
875,ong,1
874,am,1
410,q13,1
872,whether,1
411,43211111xxxx,1
766,direct,1
765,next,1
461,momentary,1
541,transmission,1
658,m,1
657,algorith,1
656,job,1
543,nology,1
654,preemptive,1
545,passes,1
546,da,1
649,runs,1
551,drives,1
647,q23,1
552,q19,1
553,computing,1
554,connecting,1
642,failurefailure,1
641,t1r1r2t2r3t4t3failure,1
542,tech,1
661,arrive,1
516,registers,1
539,transfer,1
521,wh,1
522,ich,1
678,q24,1
676,concurrently,1
675,executed,1
525,decreased,1
527,overlapping,1
530,simultaneously,1
531,performing,1
670,third,1
668,milliseconds,1
535,circ,1
536,uit,1
665,includes,1
537,enables,1
561,configured,1
563,wherever,1
635,dicating,1
567,aware,1
583,capacity,1
613,ients,1
612,cl,1
584,purchased,1
610,q21,1
609,simplex,1
608,processor,1
607,duplex,1
606,dual,1
605,controller,1
586,q20,1
589,configurati,1
600,batch,1
599,usually,1
598,em,1
615,connected,1
581,ources,1
617,transfers,1
570,interconnected,1
633,q22,1
632,b3,1
568,existence,1
630,ab3,1
629,clientclient,1
628,clientprinter,1
626,clients,1
579,calculation,1
572,occurs,1
624,normal,1
623,indicating,1
622,formula,1
575,mputers,1
577,failed,1
518,specifically,1
515,gning,1
462,blackout,1
743,depend,1
741,way,1
740,auxiliary,1
739,types,1
479,li,1
480,nes,1
735,multiprogramming,1
734,efficiently,1
483,128,1
484,256,1
730,task,1
485,512,1
728,ribes,1
486,1024,1
487,q17,1
725,q26,1
476,implemented,1
744,reduces,1
514,assi,1
745,workload,1
762,es,1
761,valu,1
760,ble,1
759,conversion,1
463,commercial,1
464,occurrence,1
467,error,1
754,calculates,1
468,q16,1
751,ate,1
750,appropri,1
749,q27,1
473,bytes,1
475,signals,1
746,creating,1
724,beginning,1
723,empty,1
722,separately,1
721,algorithms,1
700,handled,1
699,consecutively,1
698,average,1
697,second,1
695,processed,1
509,ram,1
693,thirds,1
510,rom,1
691,75,1
690,additional,1
689,lieu,1
688,et,1
687,targ,1
511,q18,1
512,mapped,1
701,operati,1
507,rw,1
503,pits,1
491,organic,1
488,optical,1
719,occur,1
718,faults,1
717,2364631246,1
716,references,1
489,disc,1
492,dye,1
501,laser,1
712,replacemen,1
493,recording,1
496,media,1
498,traces,1
499,burni,1
706,q25,1
928,north,1
376,q10,1
930,malaysia,1
1152,restricting,1
1150,encrypting,1
284,row,1
1148,port,1
1147,default,1
1146,changing,1
1145,attacker,1
1144,wiretapping,1
287,board,1
1142,tapped,1
1141,wire,1
1140,received,1
1139,transmitted,1
288,oooooxxxx,1
1137,measure,1
289,possible,1
1151,sides,1
283,diagonal,1
1172,q48,1
282,vertical,1
1170,trojan,1
1169,dos,1
1168,dictionary,1
277,succeeds,1
1166,overflow,1
1165,installation,1
1164,destruction,1
278,placing,1
1162,fraudulent,1
1161,corporating,1
1160,sends,1
1159,q47,1
1158,stop,1
281,horizontal,1
1155,password,1
290,combinations,1
1134,q46,1
1133,21,1
291,moves,1
1111,absence,1
1110,presence,1
310,probability,1
311,ese,1
1107,confirmation,1
1106,protected,1
1105,receiver,1
1104,comparing,1
313,suit,1
1101,receiving,1
1100,achieved,1
1099,q44,1
1098,url,1
1097,packet,1
314,heart,1
308,playing,1
1114,spoofing,1
1115,tapping,1
300,q7,1
293,fill,1
1130,acceptance,1
294,nine,1
295,regardless,1
1127,rejection,1
296,losses,1
302,randomly,1
1116,q45,1
305,standard,1
1121,authentication,1
1120,biometric,1
306,deck,1
1118,threshold,1
1117,judgment,1
1171,horse,1
1174,was,1
1094,stations,1
1239,characteristics,1
246,boolean,1
247,variables,1
1235,iately,1
1234,appropr,1
1233,q50,1
1232,23,1
1231,report,1
1230,sources,1
597,syst,1
251,solu,1
1227,measures,1
1225,measurement,1
1224,closing,1
1223,book,1
255,xz,1
245,hold,1
244,equations,1
1175,invaded,1
1241,isoiec,1
1258,user,1
1257,attractive,1
1256,learned,1
242,q5,1
1253,transferred,1
1252,specifications,1
1250,requirements,1
1249,adaptation,1
1248,improvements,1
1247,corrections,1
1246,include,1
1245,cations,1
1244,modifi,1
1243,modified,1
1242,9126,1
1221,assets,1
1220,counts,1
1219,taking,1
256,q6,1
1195,apply,1
1194,reconstruct,1
1193,invasion,1
1190,extent,1
1188,gain,1
1187,identify,1
1186,firewall,1
1185,intrusion,1
271,turns,1
1183,log,1
1182,analyze,1
272,marking,1
1179,lsified,1
1177,were,1
1176,contents,1
1196,latest,1
1197,patches,1
1198,disconnect,1
1208,keep,1
1217,meters,1
1216,charges,1
1215,ulates,1
1214,calc,1
1212,bill,1
1209,optimum,1
261,known,1
1199,monitor,1
262,noughts,1
263,crosse,1
1204,q49,1
264,popular,1
1202,connect,1
267,players,1
1095,wireless,1
1093,exactly,1
374,deepest,1
994,resource,1
992,reso,1
991,ource,1
990,ce,1
989,resour,1
347,pointers,1
351,q9,1
985,q37,1
984,phase,1
982,multithread,1
980,frequently,1
979,beforehand,1
978,instruction,1
976,load,1
975,reduce,1
974,accessed,1
993,urce,1
995,q38,1
1016,processors,1
346,link,1
1013,increasing,1
337,delete,1
1011,mo,1
339,elemen,1
1009,expansion,1
1008,nature,1
340,ts,1
342,arrows,1
1004,acquisition,1
1003,unavailable,1
1002,whol,1
343,figures,1
1000,centralized,1
999,comparison,1
344,represen,1
973,clientserver,1
972,q36,1
361,containing,1
969,lost,1
946,properties,1
945,durability,1
944,isolation,1
372,child,1
942,acid,1
941,q35,1
940,distinct,1
373,always,1
938,china,1
937,europe,1
936,germany,1
935,south,1
934,brazil,1
933,africa,1
932,malawi,1
947,ription,1
371,left,1
949,pe,1
959,inte,1
968,never,1
967,committed,1
964,visible,1
365,depth,1
962,intermediate,1
960,rfere,1
958,contradiction,1
950,rformed,1
956,constraints,1
955,integrity,1
954,preserve,1
953,cancelled,1
952,else,1
951,entirety,1
1014,sizes,1
1017,much,1
1092,administrators,1
1074,protocol,1
1072,si,1
1071,q42,1
1070,47,1
1069,168,1
1068,196,1
1067,108,1
317,club,1
1065,195,1
1064,178,1
1063,123,1
1062,194,1
318,85011,1
1060,134,1
1059,144,1
1058,193,1
1073,gnaling,1
1075,widely,1
1018,difficult,1
1076,initiate,1
1091,allow,1
1090,feature,1
315,diamond,1
1088,q43,1
1087,smtp,1
1086,rtp,1
1085,internet,1
1084,calls,1
1083,video,1
1082,voice,1
316,spade,1
1080,sessio,1
1079,multimedia,1
1078,terminate,1
1077,manage,1
1057,valid,1
1056,240,1
319,42511,1
1054,mask,1
323,linked,1
326,implem,1
327,entation,1
1031,pool,1
1030,leased,1
333,wa,1
1027,temporarily,1
1026,protocols,1
1025,q39,1
1024,databases,1
1023,smaller,1
1022,better,1
1021,accessing,1
1020,queries,1
334,perform,1
322,q8,1
1037,arp,1
1038,dhcp,1
1047,packets,1
1053,subnet,1
1052,q41,1
1051,router,1
1050,repeater,1
1049,gateway,1
1048,bridge,1
1046,relay,1
321,42544,1
1045,reference,1
1044,osi,1
1043,lans,1
1042,interconnect,1
1041,q40,1
320,42522,1
1861,quotation,1
